policy,seed,logdet_cov,alpha_rmse,holdout_torque_rmse,sigma_eff,ee_error_mean,ee_error_max,tracking_rmse,fault,max_abs_qd,peak_abs_tau,sum_sq_qdd_ref
free_reference,0,-120.51451171720889,0.05425042046647821,0.44242546917594283,0.39210634399304795,nan,nan,0.01965136744859753,False,1.2332023224120556,60.751231806903405,8602.202220939478
no_exploration,0,-98.6229325432879,0.3178182570324236,12.165852889008752,0.15696957353270416,0.004553844039350662,0.008264914197121576,0.013866626639813605,False,0.14879831492162734,49.383716969650195,0.0
smooth_random_nullspace,0,-76.7331587585301,0.11307892798095746,0.9937555595327193,1.0797266487762243,0.003856912769837687,0.0071529530377379205,0.013972608548563185,False,0.1639445778199249,57.920681406911626,5131.164608953431
fourier_nullspace,0,-119.04952618041249,0.04218150041120553,0.3877537634432495,0.2804750705342994,0.005830217932939039,0.014858619868669739,0.013541916072051142,False,0.6557739444209624,54.43183706310361,5018.0389648071605
free_reference,1,-111.99635555867269,0.07121742949337692,0.2505167578983708,0.5339048588999112,nan,nan,0.026050277004938206,False,1.346809516914213,57.964355770120775,6583.813576622122
no_exploration,1,-105.94927610492793,0.07335497721210095,0.4526201094778689,0.08150950073326467,0.015576446009602379,0.02139482492359342,0.023265164935564256,False,0.2553847730115737,50.379733768010944,0.0
smooth_random_nullspace,1,-87.860396830593,0.07475615195716222,0.7833228996781713,0.3566623707928718,0.015760195583919077,0.02306116279964553,0.023037056018684672,False,0.2758895471648938,59.00202664819054,5232.806289378616
fourier_nullspace,1,-128.43146303307532,0.04668346689699435,0.2873372807079844,0.286003617649074,0.01657054942343922,0.025061904158023306,0.02060641286173855,False,0.5150493102229462,59.70845466015421,7910.313557355043
free_reference,2,-119.5494462428884,0.07705947173478135,0.4508198248943714,0.29575947627123883,nan,nan,0.019898402113708125,False,0.7920165293595497,56.62159326815933,3389.757186458388
no_exploration,2,-74.18387316526598,0.08087166694394815,1.2881931142670329,0.1904740160498983,0.01059169417731234,0.012596588323762436,0.012746198204776531,False,0.06431003158260173,54.38961841331387,0.0
smooth_random_nullspace,2,-71.59569508791103,0.07850878233408641,0.8044175060333318,1.0115565209783866,0.010261715427727252,0.013695769123170333,0.012484748386302036,False,0.08279432574495174,59.033836930386734,5067.060231112412
fourier_nullspace,2,-126.85294319057289,0.05322713407768192,0.20151466421796235,0.2935402404729488,0.011907753909690571,0.01858364940054442,0.01404965081986872,False,0.5297966692248107,59.59698060231097,11961.94046816165
free_reference,3,-118.10386897105637,0.091880074464384,0.5423338576894672,0.3168588250963198,nan,nan,0.010518040590052371,False,1.618001107491598,56.320006723554854,7998.115852599771
no_exploration,3,-70.33941377615265,0.11504845905623612,1.4920040972814856,0.10202354496213716,0.0035542189066914208,0.005245679875980105,0.007579615518485899,False,0.06196514296312205,49.06266498526526,0.0
smooth_random_nullspace,3,-72.30403271307843,0.1042538435279025,0.4475350923514896,0.6783034409719662,0.004012787274583872,0.005441855619396821,0.00844519995085234,False,0.09549996152405883,59.1979684193502,5037.5692221349955
fourier_nullspace,3,-130.9901196994337,0.031197367139494225,0.10656761557272523,0.26891350779791284,0.005704660093579437,0.012001291612132262,0.008649271565771851,False,0.5168435017290708,57.45939411942637,13997.82702616365
free_reference,4,-132.2624196882955,0.055050709989418564,0.2659714917047444,0.3093321724098265,nan,nan,0.025804731515145077,False,1.5076197019070177,80.21817836947393,6146.0689707909705
no_exploration,4,-76.79392378789882,0.11110536168018018,1.3090470502376228,0.1400395959085289,0.014970356573995442,0.017051753154423335,0.01416170826040141,False,0.0586811967928868,48.94630508318763,0.0
smooth_random_nullspace,4,-72.01404723597042,0.12086661856254229,1.300002529304054,0.3743956185386033,0.014685782326098589,0.01763503446934122,0.014722188075639447,False,0.08624101486815099,57.82945472321041,4753.733481660224
fourier_nullspace,4,-126.20761279484434,0.04248520785443707,0.37320133698243924,0.29520519575028675,0.012680993015046558,0.02298332018201661,0.020459312909272102,False,0.4549842022581761,57.740998306159156,12540.419932296376
free_reference,5,-125.66852195782562,0.04208670403881764,0.11167654273563556,0.3187647225704824,nan,nan,0.04117443868414706,False,1.2201114281977063,85.96829021721712,4897.254318898387
no_exploration,5,-95.69180873641226,0.11154719963716446,1.956055958451933,0.16093169900362098,0.018265391762865388,0.022637352781614287,0.0357561692485583,False,0.2025765373207519,49.58544597452611,0.0
smooth_random_nullspace,5,-75.351184680462,0.08146597027455463,0.7759206762399208,1.144757827044519,0.01806586620180299,0.02334901230079566,0.03534677970887088,False,0.22445326074650027,58.370424639408704,5438.259545174183
fourier_nullspace,5,-128.28722580686545,0.059798369913155465,0.18069471601671647,0.2767837891719877,0.020123156201237547,0.02699883083836828,0.03817893500568128,False,0.49631926141398713,57.483711363352555,14856.143715605775
free_reference,6,-112.92965053928151,0.10732338803235464,0.8639108337329324,0.43789961472226646,nan,nan,0.01264802624959062,False,1.2154035543534472,64.86530526705857,7256.993195934562
no_exploration,6,-80.60053365388163,0.08457861391338958,0.8752597316602433,0.07186735079502798,0.009399143053175608,0.010515608756307077,0.014206839642066772,False,0.08576944496359284,51.59081818815344,0.0
smooth_random_nullspace,6,-72.7199106551617,0.05643809576253504,0.5382314307876402,1.0203106884335569,0.009616779974258418,0.01133843536519967,0.014481139296011766,False,0.09051412654864789,62.882556337807465,5579.097046545491
fourier_nullspace,6,-123.22579765267305,0.03758120531341544,0.2379382166010515,0.2874633680900288,0.010238605324767114,0.014168224459403635,0.015196117983084704,False,0.48309162661554306,56.99258085059657,3379.6435357760006
free_reference,7,-116.98896482610152,0.06793344459582983,0.4588302122400531,0.5315710255366796,nan,nan,0.022488053443812286,False,1.2558961031539133,76.51316916742704,6565.262081777926
no_exploration,7,-88.98031086072793,0.13471013467964568,2.1601136708123336,0.15958109811683213,0.014159647374688446,0.017505092828065425,0.02115265461343707,False,0.12433683347722793,49.27756303189259,0.0
smooth_random_nullspace,7,-79.07529384609347,0.11198170587033594,0.5298010157105397,0.78425884848622,0.013691966421793518,0.01688793802376768,0.020177844424601073,False,0.15362860684064297,58.005853409665896,5174.016873059179
fourier_nullspace,7,-125.68710131536605,0.03724589579536064,0.22965748192401647,0.30892155254142145,0.013797028192156731,0.02254184118774844,0.02019146317568786,False,0.7525447393932723,58.4303595888341,9729.610128142107
free_reference,8,-125.82150156236494,0.06247598524870804,0.6696939845665323,0.3013920178132068,nan,nan,0.009773638867148448,False,0.9055925393678596,83.99897584185436,4891.043774679498
no_exploration,8,-78.16131602896384,0.16635861991134887,6.336835069519402,0.08285862586721449,0.004535317602989084,0.0067854219012739485,0.006355965701841325,False,0.07810369123049586,49.2564823638597,0.0
smooth_random_nullspace,8,-73.62571608122738,0.08901640709473917,0.37103053993134544,0.9408267500985626,0.00585884144417648,0.008850862237975623,0.006962427774362083,False,0.1246531262759463,59.346842090162525,5518.833219487985
fourier_nullspace,8,-127.68836786766349,0.05341259598296743,0.18345349541854714,0.28332975093745155,0.005903688294527907,0.01160878419882273,0.01007698868477975,False,0.515459063160013,54.736308081857025,16799.16778240515
free_reference,9,-123.87149279346518,0.04955089737816834,0.22839985564507873,0.43166295154078205,nan,nan,0.028480105872408727,False,1.3227728071190052,103.30605492098566,7295.545676147932
no_exploration,9,-77.16338809663652,0.12192772638286943,2.4009973057709306,0.1383519366950852,0.008558938851262785,0.009743395744231649,0.013215176321358265,False,0.07338385710142696,49.85404525291776,0.0
smooth_random_nullspace,9,-69.63293294707394,0.09857829896817262,0.6813332325202426,1.1636201777393451,0.007635234376777345,0.00940491495982074,0.012854298511718073,False,0.08555697756660433,59.0869569014768,6502.106778152285
fourier_nullspace,9,-121.94729514020085,0.03503937973961869,0.19570378934198795,0.3010409805542158,0.010633369192069904,0.02212231482451787,0.015699547119240147,False,0.44000737735461315,55.78470171559819,9539.306915747402
free_reference,10,-118.79070613120834,0.06395316430685845,0.5216346084971639,0.30967260159819865,nan,nan,0.027751428749294812,False,1.2184124618671452,74.32056240993592,4194.418787019811
no_exploration,10,-78.8623637994735,0.0912534047734814,1.3831473234712364,0.09981937110532511,0.009957916844761527,0.011782507675176706,0.021101311542359964,False,0.13431475831407783,49.16600733962027,0.0
smooth_random_nullspace,10,-72.5695322704653,0.07756223205781386,0.41593418154167916,0.9218681951886749,0.00976667389581396,0.011935641516862144,0.01983599136133144,False,0.12467987698429155,57.673576260709034,4925.407890336102
fourier_nullspace,10,-121.32439506092119,0.061075522132327,0.3043032183204489,0.3153783929636131,0.010515685852131062,0.013744716962254195,0.022019459790554453,False,0.39452973627208454,53.408524756384,7284.128746794845
free_reference,11,-130.46750309939208,0.03624741160057303,0.10797557399926495,0.3377708814188312,nan,nan,0.05290963359846247,False,1.222009939117182,88.0868563160108,5795.589981500509
no_exploration,11,-121.47554457453829,0.050390337497104025,0.5845682658173446,0.2318988680983367,0.012608646971341834,0.027119650447770115,0.04351484082500295,False,0.42920137638192307,49.45413615304866,0.0
smooth_random_nullspace,11,-89.3189741004163,0.04758404119943329,0.5155928548472603,1.2353645371853323,0.01281927934885891,0.02725148504233575,0.0431843262451275,False,0.42218157044476484,58.644461234609906,4854.820726269138
fourier_nullspace,11,-131.84474494927667,0.04008797023954639,0.2136962382539918,0.2887161590199939,0.012336377846855826,0.023159043400118897,0.04346513380751962,False,0.6520384691282259,57.57307954911693,9035.0464183384
free_reference,12,-124.7259374210292,0.07285149239703258,0.5491308059901987,0.3144277157364127,nan,nan,0.035580811394041914,False,1.7332634343201,69.69916267460113,4653.503588778436
no_exploration,12,-80.86945686302931,0.1517862982951959,2.3938751847606823,0.1116556905657445,0.02003000175973162,0.02222877539106294,0.020491975813762223,False,0.17613909081542473,50.764890400068815,0.0
smooth_random_nullspace,12,-73.83535054862818,0.11941184184681115,1.1546393341790642,0.7538162705922189,0.02022806515160837,0.02388521899880246,0.021002696587043946,False,0.15150160810765886,58.320069176977434,4946.323567078247
fourier_nullspace,12,-123.94689027989722,0.04605622189402473,0.36197349486761676,0.2464456952733618,0.020057042936176214,0.024814374424351988,0.020706305557669967,False,0.25927490397177777,55.152295999815216,3762.7253524812177
free_reference,13,-108.93579466935446,0.07249513531941444,0.28010843508378463,0.6361855972530033,nan,nan,0.03603416148520542,False,1.4059483777873332,74.59635773302003,10244.107615561403
no_exploration,13,-94.32757331627778,0.08694710320332774,1.0831231301326616,0.18538548723621032,0.019916557658046508,0.024324419632261892,0.026233184689423584,False,0.19824518126236365,54.4341758648033,0.0
smooth_random_nullspace,13,-77.15842111796351,0.07496111915940105,0.3956160409521037,1.437888964678706,0.019659088952469685,0.023910734816626995,0.026060697897280407,False,0.21138803802437023,61.78866967817627,6555.70656297526
fourier_nullspace,13,-126.04445016205878,0.025479394577651367,0.2751852813403488,0.3236396871532194,0.017833255883784635,0.02342338691533275,0.024281874260962132,False,0.5514511821009342,56.11856574061567,9192.10930942286
free_reference,14,-130.19456226960233,0.05084303168315369,0.11924219520178929,0.2849209786564702,nan,nan,0.03321299860271309,False,1.2225821402345334,63.67304158734853,3810.2513486183952
no_exploration,14,-89.60397465786838,0.1040860145032804,0.5520640210232559,0.027429411652358775,0.03929567917246715,0.0496497590217131,0.03178270704649747,False,0.2716028251010569,49.25853698833734,0.0
smooth_random_nullspace,14,-82.18842551402071,0.12099469805117949,0.8475045937529073,0.7592101462904339,0.039853409514323916,0.0506958804244236,0.03221006896598119,False,0.30548000240817436,60.11752662232552,5437.481904053248
fourier_nullspace,14,-131.42461061414446,0.026847288371519822,0.18436035179772042,0.28074050976086307,0.04222428571696803,0.055498525700567514,0.03499644037233021,False,0.6248639711959129,58.64171225954827,11544.235505375038
free_reference,15,-125.60003923912667,0.06710087138849462,0.5736711572639065,0.2724053912453689,nan,nan,0.02257682073871854,False,1.8227611696321175,56.023726727837506,6327.736207563947
no_exploration,15,-113.82430758907991,0.06701080490686781,0.6400568151635756,0.1170676709537467,0.013096233954423005,0.025150237860800992,0.020993868807157912,False,0.3751023549553412,48.95692982160453,0.0
smooth_random_nullspace,15,-92.61090596623883,0.0809605451239884,1.3878864255432288,0.4544266119319105,0.010798467075497647,0.02322763392804759,0.019905699039259636,False,0.40491812438886254,58.952581107958906,5926.800673827378
fourier_nullspace,15,-133.0291796854383,0.052534032235968794,0.19924486144932893,0.2749764463114548,0.009375211627117774,0.027101927234525234,0.018607103140490855,False,0.7333182921827798,58.27652266224806,9324.002565900551
free_reference,16,-130.23029385301285,0.08567568144505053,0.2955390103494102,0.35449555361401686,nan,nan,0.02502441593916108,False,1.2495176904639893,74.51897074506438,7802.888074448092
no_exploration,16,-83.77761353077724,0.18483469073438422,2.8649017993805685,0.09612034663756733,0.014051404750531665,0.017105361985275108,0.01516702170921847,False,0.06051692454222577,49.26946118455596,0.0
smooth_random_nullspace,16,-74.65390526052065,0.12965965000086718,0.9174884261198649,0.7586960004997397,0.014356051260152554,0.017922323972859037,0.015484456838937758,False,0.10434406279617177,58.376940720754696,5461.203345160498
fourier_nullspace,16,-124.30437513567657,0.05915491323138871,0.27761690013750473,0.28693302687497924,0.01396873527025869,0.02046726189493675,0.01709788410361149,False,0.6029936690159913,58.031961506976145,7587.698091873738
free_reference,17,-124.27839597799644,0.043965081486360344,0.18477940832913983,0.28184558301743146,nan,nan,0.02533481854835103,False,0.9412360511687908,68.18053132225148,4784.559031495027
no_exploration,17,-102.82167491900347,0.18263206812249527,2.8009177265962326,0.14203123807903345,0.007755738654883896,0.013078313418328272,0.02068077053835143,False,0.12532006703961218,49.29667169948567,0.0
smooth_random_nullspace,17,-78.34711619757358,0.10451006622968916,0.5566708799600165,0.8011161817522789,0.008560556601767336,0.014232107139759342,0.02193912227871695,False,0.144159012113809,57.249950553200925,5936.722363023266
fourier_nullspace,17,-133.87188298646376,0.03960057319645899,0.16059709184954044,0.2721550598398198,0.009316654191394727,0.01665904432417705,0.02127964723535622,False,0.5396024405514984,59.74664244428942,19530.069736998907
free_reference,18,-114.45207697933012,0.0328898539707658,0.4640123543155171,0.5480992508126176,nan,nan,0.03110013045659629,False,1.8848793011717326,57.90630048778726,11491.9790170045
no_exploration,18,-102.28345093448517,0.059166183996952094,0.5323616198187495,0.1023879636979476,0.014319831049353962,0.02543882308368696,0.014099187363154693,False,0.2669734661632605,51.807744762731126,0.0
smooth_random_nullspace,18,-87.07608952155145,0.07108871579676045,0.8547029657418238,0.5608657581201778,0.014710268986388806,0.027019326853388786,0.013859217796643218,False,0.2968412279267511,59.350902047911596,6184.493078507763
fourier_nullspace,18,-126.97628852842111,0.04342262768599909,0.17231724560663925,0.29928426352422527,0.015072181336942991,0.02558199447492953,0.016573048349376347,False,0.5842542277184833,56.557510588229604,6929.589878664061
free_reference,19,-127.79719179536917,0.055851529516619196,0.14616979109474687,0.3315072031464927,nan,nan,0.024244706405517357,False,0.82770373879613,75.40595922882395,4119.055949347783
no_exploration,19,-81.20084860894896,0.14047502239061957,0.7259895399183797,0.029522098080569353,0.00936656563807583,0.015161473290460309,0.015140185269545975,False,0.05876350002141842,49.52025693482811,0.0
smooth_random_nullspace,19,-68.86615141596059,0.1438462084701556,0.6940784642494744,1.0207817010209987,0.009290983852971297,0.01582687438340274,0.015086289485367157,False,0.09238595151024015,57.67414688855337,4913.850910250003
fourier_nullspace,19,-126.63682628710535,0.04504505133074391,0.17279730270377353,0.2844976042211491,0.012891890051982996,0.02920821828687629,0.020213205645583564,False,0.5269460243787746,58.7514160776777,13566.592259724961
free_reference,20,-126.47385283968794,0.11416827211079712,1.1330481547767621,0.244354100187209,nan,nan,0.02358804155306412,False,1.715706986793193,52.54486917408326,4823.067202284248
no_exploration,20,-101.09306644381596,0.10344062940599462,0.9646146887216042,0.18295790055127087,0.015197683266599548,0.017946995767330186,0.02300237975631269,False,0.19446958542092843,49.321672379594006,0.0
smooth_random_nullspace,20,-80.09170858856663,0.09121351393061942,0.5008668838979892,1.0023367567818577,0.015140727434842622,0.01862137129468044,0.022839939885967407,False,0.21309264273607934,57.827459112220254,5474.9922034210085
fourier_nullspace,20,-131.33284527378362,0.06262575804033887,0.33287102145195635,0.26544331673414023,0.013977233864684064,0.018515156714555295,0.021612354407037706,False,0.4512482149652278,53.274674406319384,8164.679111615647
free_reference,21,-119.06089384362265,0.050220887417225246,0.3090039667187581,0.45000608416047083,nan,nan,0.037100925660966,False,1.1807087909882596,96.31005147924172,5534.715352746941
no_exploration,21,-89.5525554389653,0.10192011611912759,0.9552963792315465,0.1203874868391828,0.016221952344664947,0.0195113521757897,0.02885098240618915,False,0.1730502639435043,49.436934273559515,0.0
smooth_random_nullspace,21,-73.56325608009843,0.0817403812985004,0.3831391962494958,1.2215596595039002,0.01611631013461836,0.02000855188976656,0.02851572538218393,False,0.1997926418563717,58.23897082592651,4527.453807578746
fourier_nullspace,21,-127.81140961493699,0.02682912590251803,0.188412214584186,0.2944875058346416,0.018186912252143247,0.022878397176811734,0.031278115934194405,False,0.6261103849823519,59.9725155725135,11714.46268731214
free_reference,22,-122.19034836573991,0.05135861769616594,0.26412423333888885,0.40240934301581893,nan,nan,0.015532382192993771,False,1.3012463347661924,65.62112855884843,9420.533111111923
no_exploration,22,-74.02587352517587,0.06326767481750897,1.810205120454496,0.036364015677149614,0.006241350595540571,0.007099954033740439,0.007398184311521839,False,0.09367666908459411,52.284032895545224,0.0
smooth_random_nullspace,22,-87.27358590803559,0.08366296888756748,1.4492478047881239,0.15976821606883634,0.0063979344620399,0.007617413589927071,0.0073090695537678,False,0.1300886402476466,59.534924458186765,5440.857522754926
fourier_nullspace,22,-127.23426294010528,0.022449763458085626,0.11451477577075124,0.3160882645331154,0.00696059373322948,0.008802036713805592,0.009107237752229186,False,0.641687461322741,62.91431600978571,14690.893221434695
free_reference,23,-125.81918012225358,0.18551583559719872,2.3802776175762483,0.2329595920610496,nan,nan,0.014145710394425125,False,1.7822316588113403,56.969251151092095,5246.366863070292
no_exploration,23,-60.70783951634823,0.08469576373015815,0.9956925359096087,0.01,0.002456116533244102,0.0029435114222982764,0.005332400114042762,False,0.026580099046340483,49.08287205226972,0.0
smooth_random_nullspace,23,-60.70783951634823,0.08469576373015815,0.9956925359096087,0.01,0.0020097096343713755,0.0032637236009101485,0.005778132814153341,False,0.04548542801475636,58.337323587368324,6452.970736251502
fourier_nullspace,23,-128.47515927012597,0.04086417594516635,0.10682614037053541,0.28589185440488957,0.00957102689480846,0.020231539578509095,0.011235469246335008,False,0.5514566310860353,56.872405813889216,22176.49430400749
free_reference,24,-117.9107200651464,0.055778232970728064,0.12826050340449624,0.4209178819258447,nan,nan,0.019385308402081802,False,0.935724286985019,54.83783610889747,4782.46337597988
no_exploration,24,-105.19419439237465,0.09546492683597793,0.7840182819414762,0.1455538868056071,0.01565050284402517,0.01838815754952001,0.017388873713412058,False,0.152317212650014,54.899137618803564,0.0
smooth_random_nullspace,24,-86.73009391039199,0.07496475480850325,0.38864145506664166,1.0265758383289816,0.015354187574126474,0.01954227733335777,0.01642252296482255,False,0.1829165363212835,60.83947263137408,5107.5635571529565
fourier_nullspace,24,-132.5345842463359,0.0506040523848003,0.14083389126040366,0.3136829478148426,0.015945531875391886,0.02167960488317197,0.017444052616708814,False,0.6922087167322032,61.09254736994023,18773.086312080533
free_reference,25,-114.01591250318214,0.03144475733265037,0.06668758223220987,0.41371471163750834,nan,nan,0.014257083981605795,False,1.0345503334610688,68.19984317612584,2807.9673426149666
no_exploration,25,-98.39112628400646,0.06464141230447173,0.7773351468372924,0.04949868842072373,0.006440518881357615,0.011552287679321286,0.015031707492589409,False,0.15504630757509602,49.23454276202995,0.0
smooth_random_nullspace,25,-87.9657126523288,0.0884151218385623,1.71353979515753,0.21343711982185024,0.0064696962851008,0.012015226694219902,0.014887067755858928,False,0.1576982815701338,56.08262289143396,4505.198494195894
fourier_nullspace,25,-128.0407472950137,0.015512143480996207,0.18730038157435358,0.29762164533092544,0.007026001108178732,0.01671116287422915,0.014197800885162168,False,0.42781609395626913,57.45491164537498,8791.054719147682
free_reference,26,-118.6739013366558,0.04427536059806558,0.23988409969999355,0.3688315529428038,nan,nan,0.019185472152577147,False,1.0366308611639345,69.84156916485107,3533.6872736244436
no_exploration,26,-60.70783951634823,0.11877509192996352,0.7916774086271436,0.01,0.010563191613961624,0.015284897176302619,0.008838936840955868,False,0.036227628200394726,50.08010765308179,0.0
smooth_random_nullspace,26,-68.63452652394197,0.11454592649528976,0.7897346333267995,0.6687213708423478,0.010519327269974734,0.015523816209454783,0.009113521669415352,False,0.07280953405761185,58.37605381106417,4795.725452832465
fourier_nullspace,26,-124.9721672147786,0.06040225494210765,0.11044528503170545,0.2844944425828038,0.016639497133821003,0.0383678209412486,0.01612059683484001,False,0.6040143567083284,57.32667430357625,9385.121278759514
free_reference,27,-119.44293709743613,0.06147619164154104,0.2174772837833691,0.3491851963520454,nan,nan,0.01811204836446503,False,1.3788567349559582,60.08068254889313,4193.328222321732
no_exploration,27,-89.5363941099016,0.09849338115666775,1.4652032301686593,0.20731081966882933,0.00731179453047505,0.010966411236398915,0.024861654781570246,False,0.1311365698074775,48.96520280213643,0.0
smooth_random_nullspace,27,-76.5138072949394,0.0616357815541401,0.6572618436876623,0.9623979320928993,0.007111018917285242,0.010450469635970698,0.024595351312187687,False,0.13076619204011655,58.65869757299984,5120.235692796549
fourier_nullspace,27,-124.70178462943791,0.03024854532762249,0.18479263954667996,0.32801994915300114,0.007878243291006693,0.019815316388530273,0.025897639815091404,False,0.5945410780234202,57.71380842859135,12447.257285975826
free_reference,28,-110.94762217957796,0.0486907842552713,0.25267535765049537,0.5804671504658726,nan,nan,0.022190434635239394,False,1.1123322953540042,60.112124812186146,4420.252693942863
no_exploration,28,-84.84662214696256,0.11619538786321985,0.6549425446231885,0.03350753333848772,0.01938589287033276,0.02506641536882233,0.01245550777211386,False,0.1269362524514314,49.25446767732708,0.0
smooth_random_nullspace,28,-87.8869264345645,0.7386272430363988,6.8453605610404935,0.11794192088925269,0.019267407352424444,0.026091775046339083,0.012629470752380516,False,0.12321102202265043,56.34167497045983,4091.232481122016
fourier_nullspace,28,-130.8618448278168,0.056237369425477315,0.2555889137145837,0.2802880967675131,0.01994197085696751,0.032220140067890604,0.016795168334479024,False,0.6374621067543002,60.017156752630214,13738.34818175838
free_reference,29,-127.44207757303766,0.05274235088829141,0.26862054811036634,0.31709026621740605,nan,nan,0.018793509048495798,False,1.532483050135632,68.60550432763625,6105.468551119777
no_exploration,29,-96.80417770920084,0.1266169948894817,1.001465403033403,0.03237588496308576,0.014232371561372064,0.019897341338012048,0.015557856187497419,False,0.15135520676385003,51.53202952698866,0.0
smooth_random_nullspace,29,-79.4689692551304,0.10228619426382875,0.566152882928077,1.331265660519428,0.014500753014030867,0.02215262807439781,0.01587960466173161,False,0.19769001290312646,60.17888721020677,5374.218371213374
fourier_nullspace,29,-131.37504364443512,0.03602689958112761,0.15795711985387761,0.29619834347859353,0.013734474622306803,0.023032913771877755,0.015996443325315107,False,0.4995264225487068,58.327786463231426,13988.437706529005
free_reference,30,-132.95568151076532,0.029761101975907988,0.07940922396664996,0.30137068782954324,nan,nan,0.04231098200189405,False,1.134919030269978,97.54643267841959,3190.2091043002456
no_exploration,30,-106.85600899507577,0.044610340319793135,0.205733328143848,0.08428763940219035,0.0159709187206672,0.031448541506434204,0.016846727211279767,False,0.29746692654045054,49.131174521806884,0.0
smooth_random_nullspace,30,-92.12290017963669,0.08088799241110511,0.9874539272485274,0.4612415158543677,0.015723831477008444,0.03222702707832296,0.01662170227638883,False,0.2968015363853928,58.08231358737527,4959.661970246642
fourier_nullspace,30,-131.21780923462092,0.04201857124425991,0.29101707543670746,0.21289033832904347,0.0148628935017556,0.035142751412010266,0.01670784329097081,False,0.4255756531140911,53.18145399776066,3090.0370194855873
free_reference,31,-133.0725472933184,0.025401714850061752,0.1772449618309372,0.27523393339928703,nan,nan,0.040430933864245656,False,1.7950344754713707,56.16235240448804,7038.642449084067
no_exploration,31,-107.6935511983347,0.0750057410147356,0.5359270934698442,0.22608395382306318,0.023601009902189118,0.04589091282316217,0.04622628474291461,False,0.45368286506387856,49.276496571729844,0.0
smooth_random_nullspace,31,-79.87105958168783,0.08293054148020775,0.7644590133448045,1.4631188263465935,0.0233777771653776,0.04627703279304253,0.04607360262763444,False,0.4551864989798207,62.185286439073224,5416.776639241916
fourier_nullspace,31,-130.84223827577037,0.05969418947524808,0.16758567001559424,0.29688391653032686,0.023082268360435285,0.04426088256135003,0.04619355534548333,False,0.7653309500437324,56.00347231107612,11277.660001801378
free_reference,32,-131.49976816426212,0.12372730883723237,0.6736799806321255,0.2132023125329909,nan,nan,0.06772899440636321,False,2.2120792778812692,61.05560543740322,5455.3836624446485
no_exploration,32,-101.74622689312655,0.09970997355589335,0.6012040243393093,0.0588111008818041,0.03914777445141865,0.05001170632855015,0.060874745529073904,False,0.47237744973445966,49.5912602763749,0.0
smooth_random_nullspace,32,-93.98029395144357,0.14524784870606217,2.592064188543095,0.3168831822844187,0.0390200207515179,0.05029334060618506,0.0607365058561088,False,0.4942499352887997,59.30805617863758,5330.7339034562065
fourier_nullspace,32,-131.46830159905412,0.023363461848759162,0.13175518412331613,0.2508034936151319,0.040144748984250266,0.05087993813989016,0.060732691327224794,False,0.6195496678379235,58.92839050468614,13557.535428906129
free_reference,33,-115.42580637878541,0.0959284001767906,0.5397610567657175,0.3641601321841145,nan,nan,0.01657590917859733,False,1.701423607220842,50.98050033883699,6680.564468032892
no_exploration,33,-60.70783951634823,0.14485422028465392,0.9573932320453926,0.01,0.0009858803755031077,0.001652274021331339,0.005366971414810507,False,0.020855673645190455,50.24330661900436,0.0
smooth_random_nullspace,33,-60.70783951634823,0.14485422028465392,0.9573932320453926,0.01,0.001538045140836618,0.002849542697276189,0.006206572216014886,False,0.050552897119095636,59.95907477383584,5057.940952334349
fourier_nullspace,33,-124.46869450263586,0.04331052159677877,0.14138881199760064,0.3110247643103559,0.007106685361618069,0.012549551378528605,0.010135363640636559,False,0.4445268081797159,57.9968275551119,15077.497899138009
free_reference,34,-128.1441073273885,0.03388869436746383,0.09323129961396591,0.3305843802171119,nan,nan,0.0283347389528936,False,1.8068348568486046,70.92627266061463,4205.883541444425
no_exploration,34,-89.26578880041122,0.12614288386838413,4.00718565147693,0.1842156282477273,0.010065659053078335,0.013204664135072229,0.012950087824966094,False,0.08192255502446341,53.539979792946816,0.0
smooth_random_nullspace,34,-73.43312346130877,0.0987122954700532,1.077158705123111,1.1420120567038368,0.009158646157424703,0.012558634296967255,0.011266652883756341,False,0.1425649221214727,58.798781822717466,4896.528259325489
fourier_nullspace,34,-113.5039843137149,0.06407876229601842,0.5713170809378139,0.35314072596581636,0.014592850459659374,0.028394163560480867,0.01889201393590679,False,0.5118591042702058,53.97908819738113,4901.909926473941
free_reference,35,-122.87424136648261,0.046056452077649995,0.23450379403935212,0.3636007921164368,nan,nan,0.016143201011167875,False,1.1155990258405795,68.43868072953764,6173.750019929903
no_exploration,35,-97.5003434900551,0.17530421816981773,1.8964441698276469,0.1859323687548596,0.01379307524689654,0.02247291857277288,0.021285206804899107,False,0.12273315279238807,49.30414027245343,0.0
smooth_random_nullspace,35,-78.4054672621576,0.11798197812809678,0.5055932428262022,0.9648995724338332,0.012376383333574744,0.019778218065807766,0.01967759555336044,False,0.1409182756171335,57.47689877870849,4913.050232492494
fourier_nullspace,35,-125.95884979660283,0.04946868110154216,0.1981496504428651,0.3118481407892506,0.0187162596384598,0.043888739420919136,0.026110274204064914,False,0.704358034578602,58.78138257978629,11448.19088357321
free_reference,36,-135.13368302836523,0.059633445314848536,0.11376676023591122,0.30189292676086027,nan,nan,0.02046776954062588,False,1.76198906834093,82.9229330180398,5961.328360447776
no_exploration,36,-60.70783951634823,0.119141320323713,2.1353386443796514,0.01,0.0076514265887671525,0.008806979004675228,0.00818058107740615,False,0.040518660532315245,49.2714001869105,0.0
smooth_random_nullspace,36,-72.9961854290735,0.11779532756683923,1.3844630582075321,0.27804285389175615,0.008032868284113847,0.010320689216208536,0.008624401197626958,False,0.07331150828703693,58.18667415444522,5825.907553903233
fourier_nullspace,36,-123.06500507710217,0.05026614474729911,0.3043060530668653,0.2707921427575116,0.007787759359676012,0.010381967499617149,0.00890238976286513,False,0.5496305928466164,59.34163674822382,8216.344471270271
free_reference,37,-130.20599228484406,0.04210001006907748,0.08992238903895669,0.29841192780956705,nan,nan,0.03595063914390604,False,1.1925487368874892,52.21855561468401,5505.084202171765
no_exploration,37,-102.90709785746799,0.11951892748832954,0.41299498995224004,0.04845804089883736,0.022556393290019475,0.041797787558990114,0.020226892979908734,False,0.2493600214161392,49.149390805936186,0.0
smooth_random_nullspace,37,-83.3267884604984,0.10953344411968617,0.5276337079788748,0.6421766150509721,0.023297171047692928,0.04376531377216356,0.020106927252497506,False,0.2785078077497984,58.473077374919995,5498.669753122269
fourier_nullspace,37,-134.3159498487185,0.04121396658871231,0.11216358449294493,0.27087210634248815,0.029906402677658383,0.052298415186831496,0.023989222221172418,False,0.7913216422403488,62.924282726289555,14186.142383715409
free_reference,38,-120.79207925117254,0.09402637131717764,0.4616024491385733,0.3073323295699624,nan,nan,0.04083365527516866,False,1.0774035980266332,61.2019035054442,3450.9235451451414
no_exploration,38,-96.90367630708693,0.17332563044119073,0.9957143143073519,0.17851100082779667,0.008927924403964164,0.012267562312505528,0.02143159153978268,False,0.07994754913734702,49.18421892927054,0.0
smooth_random_nullspace,38,-79.9356409412653,0.12030575706798133,0.45998500316392277,1.1402495837560802,0.00849125210794452,0.012476469696923325,0.02238765645134515,False,0.12836522172356432,60.358519039803326,4545.930809783766
fourier_nullspace,38,-121.69302107132027,0.04435573189018367,0.32778077760473884,0.28227423872979157,0.006962568828681236,0.014787076015816877,0.025363555219957073,False,0.5486779943285801,54.236590455159856,4935.559811082854
free_reference,39,-126.27844788697739,0.05319710627179399,0.16530953299336143,0.3608099499147536,nan,nan,0.023477939569530728,False,1.4280324984507982,95.43049115945773,6495.858384905485
no_exploration,39,-102.69911990947561,0.09847787916405014,0.3031439770067959,0.07235678246142525,0.014581569136669626,0.02202675025081877,0.02507277135049025,False,0.22695550176081558,49.33941843443341,0.0
smooth_random_nullspace,39,-89.30370790209372,0.10194509472001782,0.22789931432360225,0.21786560339268138,0.013160750710343403,0.02257474158470555,0.022944897529174755,False,0.20947917937772034,56.59054803834278,4276.159570920219
fourier_nullspace,39,-129.5405652863401,0.0570448553680007,0.19188087372235962,0.2717948947808119,0.013409270685388665,0.02332750008546276,0.0235490750496478,False,0.5323924551329197,57.51709289864597,11401.178454459026
free_reference,40,-113.05415475239259,0.0962508308527808,0.4903192352324266,0.3359890088659151,nan,nan,0.022136670163392626,False,1.2835307033969647,60.02386899375532,3397.344493769319
no_exploration,40,-60.70783951634823,0.1264162532687925,0.9133623196841542,0.01,0.003043960640739008,0.006359224046854532,0.01063267476639385,False,0.0350274645481532,49.19751378848776,0.0
smooth_random_nullspace,40,-68.66768281197662,0.1248125189968267,0.47029203555089893,0.6660137082611164,0.005266348506285227,0.007627267473860993,0.012106786543546928,False,0.06694717307886972,58.48534598867509,5038.624760913563
fourier_nullspace,40,-110.57812808362077,0.08614458174991066,0.7872433564831981,0.3083175107346429,0.0113047120311598,0.019244602772669338,0.016882833214355346,False,0.2987582482193539,52.77344385907075,3199.8014543681256
free_reference,41,-125.90590523295747,0.07670220245363756,0.48451512046586476,0.3365675557549818,nan,nan,0.022438751909974956,False,1.0183454956832376,60.1910892456451,6545.638633214081
no_exploration,41,-75.50411423136833,0.14167819563109443,1.3829521738320838,0.22027059592613435,0.0160650197382614,0.019504397740333586,0.018686565510890478,False,0.09138280839974773,53.321979699014726,0.0
smooth_random_nullspace,41,-69.60034364415046,0.1378392585435517,0.8348142724765114,1.8346266666283557,0.016600462130143153,0.020254874587569742,0.019201443651815562,False,0.13286378973628926,60.36297179606238,6053.401365806377
fourier_nullspace,41,-116.89884847526024,0.08417179363607798,0.6301045303273055,0.3333445414004425,0.018286759361058,0.03396084050545568,0.02174358511106786,False,0.3426638860325928,56.75102820187806,10720.491475527027
free_reference,42,-117.08559101221793,0.04905396232261832,0.1113458355864269,0.40446582330817377,nan,nan,0.020121534650178546,False,1.0636133977449989,57.02261199270117,6831.281077682104
no_exploration,42,-60.70783951634823,0.0839318702615576,0.7958990674751945,0.01,0.008573567448427329,0.015624426789862575,0.01587831396957488,False,0.04121821642187222,49.04733372814359,0.0
smooth_random_nullspace,42,-73.20642229964207,0.08890165800394399,1.1008127677683501,0.38822968757732734,0.00849722008348698,0.015225258416825887,0.01562808124029096,False,0.08174077423915896,57.42788220671863,4517.461141267
fourier_nullspace,42,-118.05468270451156,0.07134936996814355,0.304809198793202,0.3197710769651124,0.012746958072342031,0.034508809848831645,0.020544690278492716,False,0.6550828998444977,56.843878532301616,9927.553008138075
free_reference,43,-109.81439540186966,0.09366652157978675,0.3076737045261909,0.6942611824660954,nan,nan,0.046173842657995456,False,1.1500534453765037,79.08709348574928,6570.416014678169
no_exploration,43,-100.85393415561153,0.09069180515848495,0.9102637097819332,0.18572074597424928,0.020618540530105024,0.02968336506410421,0.0166180640874347,False,0.21023230999659473,51.38112900577341,0.0
smooth_random_nullspace,43,-85.60226821593724,0.08261738154923695,0.3649333300459848,1.0317225486140953,0.02070337524810389,0.031758173307715,0.017214801647919605,False,0.22304173843011332,58.210220648944535,4870.631240750365
fourier_nullspace,43,-129.69360294760605,0.06368621864766287,0.15076416228823059,0.320045107745397,0.02250615058222947,0.03690490165248691,0.019441797402266956,False,0.6107953392145961,57.38064966565153,10445.856473139629
free_reference,44,-126.11651961744234,0.04574389462185186,0.282454181261983,0.30291568403147595,nan,nan,0.014386829050822789,False,0.9197954036637177,64.04086385074052,5072.254060469844
no_exploration,44,-60.70783951634823,0.11117158401119344,0.49711221620805324,0.01,0.012377852684795793,0.018558348594022094,0.01000509572582972,False,0.02960294480847309,48.95552097552298,0.0
smooth_random_nullspace,44,-60.70783951634823,0.11117158401119344,0.49711221620805324,0.01,0.01273032554550954,0.01859839645018284,0.010377977701071156,False,0.041767306419844275,59.53951767425717,4152.910611755106
fourier_nullspace,44,-110.28398403209818,0.07028988662263762,0.6749534466885111,0.32083235893066286,0.017872883737436625,0.04572228927696096,0.017969679890918022,False,0.30979483514713607,54.1578579293646,5853.578141934218
free_reference,45,-132.82712748529786,0.07701752941969345,0.8885417493347785,0.2642374573106307,nan,nan,0.021967492443707937,False,1.6793989216817147,59.59836569812152,4984.399324445137
no_exploration,45,-88.64769383214983,0.11220965472104531,0.5941765275833981,0.027637331806337463,0.029583680520680673,0.038620431699504944,0.019276555942382624,False,0.1902765444140578,49.265470921354634,0.0
smooth_random_nullspace,45,-79.30022380078861,0.14437039200171356,1.860221327557072,0.43268963919849457,0.027802281962229322,0.0385826778717576,0.016753779561774696,False,0.18688104632388347,58.28751153946129,5857.475997359987
fourier_nullspace,45,-125.64767258047397,0.0641548141613486,0.29500750764196293,0.28352923473792374,0.027031378232605544,0.03678079416217384,0.01661085400227723,False,0.4528487221929912,55.65190995272775,6513.997030147453
free_reference,46,-133.09505274477974,0.05295930938446001,0.23820179388397728,0.29663667817859213,nan,nan,0.026679949580921604,False,1.382213269632892,89.48563669745818,7583.25919064027
no_exploration,46,-93.56359629234727,0.13019375795016122,0.987472687598403,0.06879376016490353,0.014737916010072537,0.019210929983434953,0.02531839028423406,False,0.14190529659413736,48.79445578594752,0.0
smooth_random_nullspace,46,-88.1817663614448,0.12400243928466767,1.189839517350423,0.24396751860708227,0.014717207164167427,0.01864435919728443,0.025478103518739047,False,0.14934591640493217,58.305603501589275,5414.4666593432885
fourier_nullspace,46,-129.3694430087849,0.08030710455045634,0.21832650345902052,0.2596361302318645,0.01552318469865104,0.01955894160996181,0.025489339066395594,False,0.4949739230350568,56.44416278995448,12233.834955863887
free_reference,47,-106.31650776203766,0.06083573026368919,0.18060844059154163,0.5714455755876272,nan,nan,0.0200511512316546,False,1.0478860208378855,61.6392002479596,3856.1623528242744
no_exploration,47,-97.2425918725726,0.08104181073922445,1.1229588548278397,0.1184205154834934,0.012694685583985357,0.021549696061320133,0.013142104611172174,False,0.2663332443891799,49.27382985631264,0.0
smooth_random_nullspace,47,-82.69180509754834,0.11693673262128212,0.7122699430720066,0.6386172293939872,0.013032918397389473,0.022657787169654917,0.01293906802384091,False,0.3159501094310527,57.88571649425131,4706.394085769267
fourier_nullspace,47,-132.72203112803996,0.05278452459753028,0.30103594614745516,0.29241644450660065,0.012185229189818141,0.023548454943746598,0.01351917081451336,False,0.72662252605114,57.44660921829141,14475.651288050116
free_reference,48,-121.92484809866173,0.0704542470388932,0.3130335288679424,0.29440841825738046,nan,nan,0.02525934178071502,False,1.0629340060247392,74.87395133182424,5829.99105342642
no_exploration,48,-75.88085625307066,0.08494198506565312,1.6816701499451348,0.1793985489387226,0.00630997912180897,0.007138601672231637,0.010105097791954712,False,0.08456145543100921,51.957350396831536,0.0
smooth_random_nullspace,48,-70.98777024842013,0.08103338088919242,0.8447609845104243,1.5054155322425116,0.0067102574448356335,0.008284936415010182,0.010679026613980593,False,0.10993834817369175,58.988671459789764,4863.872349104312
fourier_nullspace,48,-112.9126458319454,0.07468949260481729,0.5047037557340062,0.2858149935493192,0.007151225265890914,0.010184569734121586,0.010633177348972504,False,0.32041223037150957,54.58942560564707,4722.664292186678
free_reference,49,-125.53922294137757,0.06666338035863757,1.005478160361663,0.2804062479730837,nan,nan,0.03743899555047545,False,0.9787243785261495,56.873702220187845,6131.937854989137
no_exploration,49,-113.63634386845844,0.07664894340776009,0.8139627663458866,0.10252473781394289,0.013020497010474077,0.02371636928642073,0.01952840666104543,False,0.3874478713044275,49.05163382099141,0.0
smooth_random_nullspace,49,-89.6988952065268,0.06966128092911014,0.6872691291870416,0.3690464879243178,0.01438196499161419,0.02555767856381598,0.02105725177920925,False,0.3914726300526859,59.737581735705085,5866.6316241395
fourier_nullspace,49,-129.6351480782164,0.03794272663230329,0.19640745268984575,0.29519459686970995,0.014289501183271653,0.023735949838891393,0.020269989117460637,False,0.6067585798985251,56.68193894951035,5954.2136276481815
